



  {
    "start": [38.165768, -83.11439],
    "end": [41.03, -81.464165 ],
    "routes": [
          [
                [
                    38.1658,
                    -83.1144
                ],
                [
                    38.6431,
                    -82.8394
                ],
                [
                    39.1205,
                    -82.5643
                ],
                [
                    38.6431,
                    -82.2893
                ],
                [
                    38.1658,
                    -82.2893
                ],
                [
                    38.1658,
                    -82.0142
                ],
                [
                    38.6431,
                    -81.7392
                ],
                [
                    39.1205,
                    -81.4642
                ],
                [
                    39.5979,
                    -81.4642
                ],
                [
                    40.0753,
                    -81.4642
                ],
                [
                    40.5526,
                    -81.4642
                ],
                [
                    41.03,
                    -81.4642
                ]
            ],
            [
                [
                    38.1658,
                    -83.1144
                ],
                [
                    38.6431,
                    -83.1144
                ],
                [
                    39.1205,
                    -82.8394
                ],
                [
                    39.5979,
                    -82.5643
                ],
                [
                    40.0753,
                    -82.2893
                ],
                [
                    40.5526,
                    -82.0142
                ],
                [
                    40.5526,
                    -81.7392
                ],
                [
                    41.03,
                    -81.4642
                ]
            ],
            [
                [
                    38.1658,
                    -83.1144
                ],
                [
                    38.1658,
                    -82.8394
                ],
                [
                    38.6431,
                    -82.8394
                ],
                [
                    39.1205,
                    -82.5643
                ],
                [
                    39.1205,
                    -82.2893
                ],
                [
                    39.5979,
                    -82.0142
                ],
                [
                    40.0753,
                    -81.7392
                ],
                [
                    40.5526,
                    -81.7392
                ],
                [
                    41.03,
                    -81.4642
                ]
            ],
            [
                [
                    38.1658,
                    -83.1144
                ],
                [
                    38.1658,
                    -82.8394
                ],
                [
                    38.6431,
                    -82.5643
                ],
                [
                    39.1205,
                    -82.5643
                ],
                [
                    39.5979,
                    -82.2893
                ],
                [
                    39.5979,
                    -82.0142
                ],
                [
                    40.0753,
                    -81.7392
                ],
                [
                    40.5526,
                    -81.7392
                ],
                [
                    41.03,
                    -81.4642
                ]
            ]
      
        
            
        
    
    ]
  }
  